日期,资金,企业代号,信誉评级
2017-07-18,0.0,E1,A
2017-08-04,9401.71,E1,A
2017-08-07,9065.71,E1,A
2017-08-08,8865.71,E1,A
2017-08-09,-11177.030000000006,E1,A
2017-08-10,7421.259999999995,E1,A
2017-08-11,-46578.740000000005,E1,A
2017-08-14,-46768.740000000005,E1,A
2017-08-16,5675751.440000001,E1,A
2017-08-17,5612725.790000003,E1,A
2017-08-18,5675751.440000001,E1,A
2017-08-21,7797924.840000002,E1,A
2017-08-22,48513018.01,E1,A
2017-08-23,69293534.26,E1,A
2017-08-24,123851194.28,E1,A
2017-08-25,141262479.80000004,E1,A
2017-08-26,147499738.69000003,E1,A
2017-08-27,147498601.69000003,E1,A
2017-08-28,161505632.72000003,E1,A
2017-08-29,-8033126.569999971,E1,A
2017-08-30,-110026180.87999997,E1,A
2017-09-01,-110026368.87999997,E1,A
2017-09-05,-110026666.87999997,E1,A
2017-09-06,-110027122.87999997,E1,A
2017-09-07,-110030181.17999996,E1,A
2017-09-08,-110085037.17999996,E1,A
2017-09-09,-110085265.17999996,E1,A
2017-09-10,-110090458.17999996,E1,A
2017-09-11,-110095938.17999996,E1,A
2017-09-12,-110101436.17999996,E1,A
2017-09-13,-110101960.17999996,E1,A
2017-09-14,-110102470.17999996,E1,A
2017-09-15,-110102700.17999996,E1,A
2017-09-16,-110102879.17999996,E1,A
2017-09-17,-110103574.77999996,E1,A
2017-09-18,-110104346.27999996,E1,A
2017-09-20,-110104789.27999996,E1,A
2017-09-21,-109909729.3199999,E1,A
2017-09-22,-109916587.3199999,E1,A
2017-09-24,-109937006.3199999,E1,A
2017-09-25,-4573207.299999894,E1,A
2017-09-26,66254829.3100001,E1,A
2017-09-27,88783932.57000008,E1,A
2017-09-28,-22696908.739999924,E1,A
2017-09-29,-172679808.97999993,E1,A
2017-09-30,-163970512.97999996,E1,A
2017-10-02,-163970867.97999996,E1,A
2017-10-04,-163971192.97999996,E1,A
2017-10-07,-163977967.87999997,E1,A
2017-10-08,-163979633.47999996,E1,A
2017-10-10,-163171894.99999997,E1,A
2017-10-11,-163173345.99999997,E1,A
2017-10-12,-163174998.99999997,E1,A
2017-10-13,-163175454.99999997,E1,A
2017-10-14,-163180454.99999997,E1,A
2017-10-16,-163189654.99999997,E1,A
2017-10-17,-163285505.90999997,E1,A
2017-10-18,-163281706.59999996,E1,A
2017-10-19,-163283474.59999996,E1,A
2017-10-20,-163285035.79999995,E1,A
2017-10-23,-123502966.48999988,E1,A
2017-10-24,-91000114.37999982,E1,A
2017-10-25,-78785667.40999983,E1,A
2017-10-26,-170754300.4299998,E1,A
2017-10-27,-256869205.3999998,E1,A
2017-10-30,-241026369.89999983,E1,A
2017-10-31,-221435107.4199998,E1,A
2017-11-01,-221480661.4199998,E1,A
2017-11-02,-221480861.4199998,E1,A
2017-11-03,-221593719.4199998,E1,A
2017-11-07,-221599029.4199998,E1,A
2017-11-08,-221599325.4199998,E1,A
2017-11-09,-221600417.4199998,E1,A
2017-11-10,-223011922.3199998,E1,A
2017-11-11,-223012122.3199998,E1,A
2017-11-12,-223012352.3199998,E1,A
2017-11-13,-223016901.3199998,E1,A
2017-11-14,-223017534.3199998,E1,A
2017-11-15,-223052543.92999983,E1,A
2017-11-18,-223062964.92999983,E1,A
2017-11-19,-223064273.92999983,E1,A
2017-11-21,-222719590.81999984,E1,A
2017-11-22,-113476936.12999994,E1,A
2017-11-23,-88876749.5999999,E1,A
2017-11-24,-60717389.629999906,E1,A
2017-11-26,-60717739.629999906,E1,A
2017-11-27,-35492360.15999987,E1,A
2017-11-28,-238071381.5199999,E1,A
2017-11-29,-186998988.2199999,E1,A
2017-11-30,-325500257.97999984,E1,A
2017-12-01,-325503314.97999984,E1,A
2017-12-02,-325503593.97999984,E1,A
2017-12-04,-325503893.97999984,E1,A
2017-12-05,-325504317.97999984,E1,A
2017-12-06,-325504911.97999984,E1,A
2017-12-07,-325505241.97999984,E1,A
2017-12-11,-325505954.97999984,E1,A
2017-12-12,-325506134.97999984,E1,A
2017-12-13,-325571180.97999984,E1,A
2017-12-14,-325574714.07999986,E1,A
2017-12-15,-325204524.1699999,E1,A
2017-12-18,-325208995.7899999,E1,A
2017-12-19,-323911099.96999985,E1,A
2017-12-20,-323911939.96999985,E1,A
2017-12-21,-324534605.0599998,E1,A
2017-12-22,-300977614.97999984,E1,A
2017-12-23,-300977767.97999984,E1,A
2017-12-24,-300981117.97999984,E1,A
2017-12-25,-275365190.35999995,E1,A
2017-12-26,-258750868.98999983,E1,A
2017-12-27,-281913413.4799998,E1,A
2017-12-28,-250403725.94999978,E1,A
2017-12-29,-424258687.72999984,E1,A
2017-12-30,-435950117.72999984,E1,A
2018-01-01,-435950335.72999984,E1,A
2018-01-02,-435950535.72999984,E1,A
2018-01-03,-435953148.72999984,E1,A
2018-01-05,-435953657.72999984,E1,A
2018-01-06,-435956857.72999984,E1,A
2018-01-08,-435957617.72999984,E1,A
2018-01-09,-435960070.72999984,E1,A
2018-01-10,-435960301.72999984,E1,A
2018-01-11,-435960391.72999984,E1,A
2018-01-12,-435960561.72999984,E1,A
2018-01-13,-435961033.0099998,E1,A
2018-01-15,-435962442.0099998,E1,A
2018-01-16,-435649847.2699998,E1,A
2018-01-18,-435651277.8699998,E1,A
2018-01-19,-435652199.7699998,E1,A
2018-01-21,-443796571.50000006,E1,A
2018-01-22,-432981392.8700001,E1,A
2018-01-23,-420077908.7500002,E1,A
2018-01-24,-392876519.7400002,E1,A
2018-01-25,-367032410.96000016,E1,A
2018-01-26,-357235263.03000027,E1,A
2018-01-28,-357235711.03000027,E1,A
2018-01-29,-336394979.65000033,E1,A
2018-01-30,-451949252.5300003,E1,A
2018-01-31,-493581825.5300003,E1,A
2018-02-01,-493582941.5300003,E1,A
2018-02-02,-493626110.5300003,E1,A
2018-02-03,-493626268.5300003,E1,A
2018-02-04,-493630304.5300003,E1,A
2018-02-05,-493630966.5300003,E1,A
2018-02-06,-493590966.5300003,E1,A
2018-02-07,-493591169.46000034,E1,A
2018-02-08,-493591484.46000034,E1,A
2018-02-12,-493592017.46000034,E1,A
2018-02-13,-493593499.46000034,E1,A
2018-02-14,-493593741.46000034,E1,A
2018-02-17,-493595353.46000034,E1,A
2018-02-18,-493595430.46000034,E1,A
2018-02-19,-493595687.46000034,E1,A
2018-02-21,-493596195.46000034,E1,A
2018-02-22,-424867822.14000046,E1,A
2018-02-23,-423670142.29000044,E1,A
2018-02-24,-414756110.5400004,E1,A
2018-02-25,-414756918.5400004,E1,A
2018-02-26,-408799093.4600004,E1,A
2018-02-27,-540520572.1400007,E1,A
2018-02-28,-586246849.7100006,E1,A
2018-03-01,-586714379.9800006,E1,A
2018-03-02,-586726956.9800006,E1,A
2018-03-04,-586727341.9800006,E1,A
2018-03-05,-586746705.9800006,E1,A
2018-03-06,-586747272.9800006,E1,A
2018-03-07,-586711050.7200005,E1,A
2018-03-08,-586712300.7200005,E1,A
2018-03-09,-586721294.7200005,E1,A
2018-03-10,-586721694.7200005,E1,A
2018-03-11,-586722036.7200005,E1,A
2018-03-12,-591822249.620001,E1,A
2018-03-13,-591822725.110001,E1,A
2018-03-14,-591823085.110001,E1,A
2018-03-15,-591823653.110001,E1,A
2018-03-17,-591823848.110001,E1,A
2018-03-18,-591824148.110001,E1,A
2018-03-19,-591852178.110001,E1,A
2018-03-20,-591854429.810001,E1,A
2018-03-21,-591855042.810001,E1,A
2018-03-22,-578797780.9200011,E1,A
2018-03-23,-410655416.8700018,E1,A
2018-03-24,-410655961.8700018,E1,A
2018-03-25,-410656939.8700018,E1,A
2018-03-26,-395787808.8400018,E1,A
2018-03-27,-369798466.7600018,E1,A
2018-03-28,-464017748.38000184,E1,A
2018-03-29,-544567617.0100018,E1,A
2018-03-30,-544568120.0100018,E1,A
2018-03-31,-633554881.4800019,E1,A
2018-04-01,-633555281.4800019,E1,A
2018-04-02,-633555881.4800019,E1,A
2018-04-03,-633560130.4800019,E1,A
2018-04-04,-633560543.7400019,E1,A
2018-04-05,-633603665.7400019,E1,A
2018-04-06,-633605086.7400019,E1,A
2018-04-07,-633605421.7400019,E1,A
2018-04-08,-633605839.9200019,E1,A
2018-04-09,-633606872.9200019,E1,A
2018-04-10,-633607607.9200019,E1,A
2018-04-12,-633608291.9200019,E1,A
2018-04-13,-633608492.2200018,E1,A
2018-04-14,-633609858.2200018,E1,A
2018-04-15,-633610078.2200018,E1,A
2018-04-16,-633611928.2200018,E1,A
2018-04-17,-626453376.7300017,E1,A
2018-04-18,-629592968.5300018,E1,A
2018-04-19,-629600497.5300018,E1,A
2018-04-20,-629600951.5300018,E1,A
2018-04-22,-629601143.5300018,E1,A
2018-04-23,-607477600.4500016,E1,A
2018-04-24,-564458316.860002,E1,A
2018-04-25,-521582665.6100018,E1,A
2018-04-26,-581687009.2600017,E1,A
2018-04-27,-547128334.2200019,E1,A
2018-04-28,-779711680.150002,E1,A
2018-04-30,-779714689.150002,E1,A
2018-05-01,-779715443.130002,E1,A
2018-05-02,-779718950.130002,E1,A
2018-05-03,-779719148.130002,E1,A
2018-05-04,-779722247.130002,E1,A
2018-05-05,-779723035.880002,E1,A
2018-05-07,-779728408.780002,E1,A
2018-05-08,-779728608.780002,E1,A
2018-05-09,-779729173.780002,E1,A
2018-05-10,-779729673.780002,E1,A
2018-05-11,-779735732.780002,E1,A
2018-05-12,-779737135.780002,E1,A
2018-05-13,-779738218.430002,E1,A
2018-05-14,-779720642.570002,E1,A
2018-05-15,-779724004.570002,E1,A
2018-05-16,-779228188.090002,E1,A
2018-05-18,-779228708.090002,E1,A
2018-05-19,-779228906.090002,E1,A
2018-05-20,-779232481.170002,E1,A
2018-05-21,-779232821.170002,E1,A
2018-05-22,-737358795.1700017,E1,A
2018-05-23,-733209571.1100018,E1,A
2018-05-24,-701481354.640002,E1,A
2018-05-25,-689698026.3800018,E1,A
2018-05-26,-689699911.3800018,E1,A
2018-05-27,-689700211.3800018,E1,A
2018-05-28,-686526075.4200019,E1,A
2018-05-29,-731727816.5800016,E1,A
2018-05-30,-909639299.1100017,E1,A
2018-05-31,-983012101.3100016,E1,A
2018-06-01,-983012301.3100016,E1,A
2018-06-02,-983012401.3100016,E1,A
2018-06-03,-983012739.3100016,E1,A
2018-06-04,-983013247.1400017,E1,A
2018-06-05,-983018871.0800017,E1,A
2018-06-06,-983019173.0800017,E1,A
2018-06-07,-983019776.0800017,E1,A
2018-06-08,-983025134.0800017,E1,A
2018-06-11,-983024483.5500016,E1,A
2018-06-12,-983024683.5500016,E1,A
2018-06-13,-982860495.7000015,E1,A
2018-06-14,-982862544.7000015,E1,A
2018-06-15,-982862669.7000015,E1,A
2018-06-16,-982877037.7000015,E1,A
2018-06-17,-982884957.9400015,E1,A
2018-06-18,-982885555.9400015,E1,A
2018-06-19,-982886075.9400015,E1,A
2018-06-20,-982887701.9400015,E1,A
2018-06-21,-967405287.2300016,E1,A
2018-06-22,-964239542.2900015,E1,A
2018-06-23,-946777977.4400016,E1,A
2018-06-24,-946778703.4400016,E1,A
2018-06-25,-923034191.5900012,E1,A
2018-06-26,-894095513.0000012,E1,A
2018-06-27,-871131640.5900011,E1,A
2018-06-28,-1050682140.3600012,E1,A
2018-06-29,-1310759390.720001,E1,A
2018-06-30,-1310759688.720001,E1,A
2018-07-01,-1310759888.720001,E1,A
2018-07-02,-1310760349.720001,E1,A
2018-07-03,-1310747179.030001,E1,A
2018-07-04,-1310749923.1300008,E1,A
2018-07-05,-1310839702.2000008,E1,A
2018-07-06,-1310841397.2000008,E1,A
2018-07-07,-1310842659.2000008,E1,A
2018-07-08,-1310843725.2000008,E1,A
2018-07-09,-1310814268.3000007,E1,A
2018-07-10,-1310737634.7100005,E1,A
2018-07-11,-1310741322.0900006,E1,A
2018-07-12,-1310741822.0900006,E1,A
2018-07-13,-1310745452.4500005,E1,A
2018-07-14,-1310746179.4500005,E1,A
2018-07-15,-1310746409.4500005,E1,A
2018-07-16,-1310753408.4500005,E1,A
2018-07-17,-1310754563.4500005,E1,A
2018-07-18,-1310829451.4500005,E1,A
2018-07-19,-1310829971.4500005,E1,A
2018-07-20,-1310859274.6200004,E1,A
2018-07-21,-1310859379.6200004,E1,A
2018-07-22,-1310859887.6200004,E1,A
2018-07-23,-1260299482.02,E1,A
2018-07-24,-1254640268.1600003,E1,A
2018-07-25,-1229905521.9100003,E1,A
2018-07-26,-1345000898.9400003,E1,A
2018-07-27,-1302310267.1299992,E1,A
2018-07-29,-1302325852.1299992,E1,A
2018-07-30,-1290474812.969999,E1,A
2018-07-31,-1424393261.149999,E1,A
2018-08-01,-1424393881.149999,E1,A
2018-08-02,-1424400105.529999,E1,A
2018-08-03,-1424402823.049999,E1,A
2018-08-04,-1424403843.049999,E1,A
2018-08-05,-1424420571.049999,E1,A
2018-08-06,-1424421173.049999,E1,A
2018-08-07,-1424421963.309999,E1,A
2018-08-08,-1424423853.309999,E1,A
2018-08-09,-1424330762.309999,E1,A
2018-08-10,-1424331829.309999,E1,A
2018-08-11,-1424333289.309999,E1,A
2018-08-12,-1424333439.309999,E1,A
2018-08-13,-1424330124.519999,E1,A
2018-08-14,-1424330687.519999,E1,A
2018-08-15,-1424330887.519999,E1,A
2018-08-16,-1424339146.629999,E1,A
2018-08-17,-1424341897.629999,E1,A
2018-08-18,-1424342601.629999,E1,A
2018-08-20,-1424306054.7399988,E1,A
2018-08-21,-1424301884.669999,E1,A
2018-08-22,-1406763709.8199987,E1,A
2018-08-23,-1379129438.7299988,E1,A
2018-08-24,-1368898337.0499988,E1,A
2018-08-25,-1368898544.0499988,E1,A
2018-08-26,-1368898914.0499988,E1,A
2018-08-27,-1357442677.4399998,E1,A
2018-08-28,-1350118350.6799996,E1,A
2018-08-29,-1343820671.7799995,E1,A
2018-08-30,-1446307815.3199992,E1,A
2018-08-31,-1445490912.7099993,E1,A
2018-09-01,-1445490977.7099993,E1,A
2018-09-02,-1445491387.7099993,E1,A
2018-09-03,-1445491587.7099993,E1,A
2018-09-04,-1445595217.7099993,E1,A
2018-09-05,-1445595656.7099993,E1,A
2018-09-07,-1445600409.7099993,E1,A
2018-09-08,-1445601528.7099993,E1,A
2018-09-09,-1445601896.7099993,E1,A
2018-09-10,-1445602176.7099993,E1,A
2018-09-11,-1445609969.8899994,E1,A
2018-09-12,-1445613237.3699994,E1,A
2018-09-13,-1445632706.3699994,E1,A
2018-09-14,-1445653740.5999994,E1,A
2018-09-15,-1445654076.5999994,E1,A
2018-09-16,-1445664521.5499995,E1,A
2018-09-17,-1445674727.3899996,E1,A
2018-09-18,-1445675227.3899996,E1,A
2018-09-19,-1445676796.3899996,E1,A
2018-09-20,-1443165051.0099995,E1,A
2018-09-21,-1443167110.0099995,E1,A
2018-09-22,-1443167733.0099995,E1,A
2018-09-23,-1443196734.4099996,E1,A
2018-09-24,-1443196969.4099996,E1,A
2018-09-25,-1390463921.099999,E1,A
2018-09-26,-1372699228.479999,E1,A
2018-09-27,-1338105035.3499994,E1,A
2018-09-28,-1273794488.4799995,E1,A
2018-09-29,-1417287709.3399992,E1,A
2018-09-30,-1439082584.209999,E1,A
2018-10-01,-1439083959.209999,E1,A
2018-10-02,-1439084382.209999,E1,A
2018-10-03,-1439087579.209999,E1,A
2018-10-04,-1439088342.209999,E1,A
2018-10-05,-1439098303.209999,E1,A
2018-10-06,-1439099229.209999,E1,A
2018-10-07,-1439099429.209999,E1,A
2018-10-08,-1439100080.209999,E1,A
2018-10-09,-1439104329.209999,E1,A
2018-10-10,-1439110018.209999,E1,A
2018-10-11,-1439110518.209999,E1,A
2018-10-13,-1439110907.209999,E1,A
2018-10-14,-1439111738.209999,E1,A
2018-10-15,-1439123277.3899992,E1,A
2018-10-16,-1439124098.3899992,E1,A
2018-10-17,-1439124893.3899992,E1,A
2018-10-18,-1445954701.8899994,E1,A
2018-10-19,-1446030297.8899994,E1,A
2018-10-20,-1445449771.6099994,E1,A
2018-10-21,-1445450428.6099994,E1,A
2018-10-22,-1445558257.6099994,E1,A
2018-10-23,-1445561616.6099994,E1,A
2018-10-24,-1425981295.7699995,E1,A
2018-10-25,-1404820332.0999994,E1,A
2018-10-26,-1405179388.7900007,E1,A
2018-10-27,-1389470045.8500009,E1,A
2018-10-28,-1389470567.8500009,E1,A
2018-10-29,-1493758792.320001,E1,A
2018-10-30,-1605396311.780001,E1,A
2018-10-31,-1720060880.6200008,E1,A
2018-11-01,-1720062009.6200008,E1,A
2018-11-02,-1720062209.6200008,E1,A
2018-11-03,-1720063519.6200008,E1,A
2018-11-04,-1720064004.6200008,E1,A
2018-11-06,-1720064815.6200008,E1,A
2018-11-08,-1720065145.6200008,E1,A
2018-11-09,-1720065345.6200008,E1,A
2018-11-10,-1720065705.6200008,E1,A
2018-11-11,-1720065925.6200008,E1,A
2018-11-13,-1720066528.6200008,E1,A
2018-11-14,-1720066726.6200008,E1,A
2018-11-15,-1720067197.6200008,E1,A
2018-11-16,-1720067597.6200008,E1,A
2018-11-17,-1720068016.6200008,E1,A
2018-11-18,-1720068904.6200008,E1,A
2018-11-19,-1719992418.680001,E1,A
2018-11-20,-1719992669.680001,E1,A
2018-11-21,-1696856047.2100008,E1,A
2018-11-22,-1665957667.6700013,E1,A
2018-11-23,-1594988897.1000028,E1,A
2018-11-24,-1594989153.1000028,E1,A
2018-11-26,-1567541703.460003,E1,A
2018-11-27,-1536956287.460003,E1,A
2018-11-28,-1534161919.390003,E1,A
2018-11-29,-1600518544.040003,E1,A
2018-11-30,-1732215709.9900033,E1,A
2018-12-03,-1732206617.1100032,E1,A
2018-12-04,-1732206917.1100032,E1,A
2018-12-05,-1732209090.1100032,E1,A
2018-12-06,-1732209335.1100032,E1,A
2018-12-08,-1732217235.1100032,E1,A
2018-12-10,-1727039842.1500027,E1,A
2018-12-11,-1727040959.1900027,E1,A
2018-12-12,-1727041395.1900027,E1,A
2018-12-13,-1727042136.1900027,E1,A
2018-12-14,-1726892099.1200027,E1,A
2018-12-15,-1726892495.1200027,E1,A
2018-12-17,-1726914915.1200027,E1,A
2018-12-18,-1726915648.1200027,E1,A
2018-12-19,-1726985538.1200027,E1,A
2018-12-20,-1726986736.6100028,E1,A
2018-12-21,-1717780807.3900027,E1,A
2018-12-23,-1691533872.130003,E1,A
2018-12-24,-1680463087.9100032,E1,A
2018-12-25,-1664320215.8600042,E1,A
2018-12-26,-1753611406.7300045,E1,A
2018-12-27,-1745215663.3500044,E1,A
2018-12-28,-1800023674.0400045,E1,A
2018-12-29,-1998064202.750004,E1,A
2018-12-30,-1998064632.750004,E1,A
2018-12-31,-1998065011.220004,E1,A
2019-01-01,-1998065289.220004,E1,A
2019-01-02,-1998065969.220004,E1,A
2019-01-03,-1998091269.220004,E1,A
2019-01-05,-1998092025.220004,E1,A
2019-01-06,-1998092492.220004,E1,A
2019-01-07,-1998092692.220004,E1,A
2019-01-08,-1998093544.220004,E1,A
2019-01-09,-1998095748.200004,E1,A
2019-01-10,-1998096108.200004,E1,A
2019-01-11,-1998027042.1000042,E1,A
2019-01-13,-1998027254.1000042,E1,A
2019-01-14,-1998027724.0000043,E1,A
2019-01-15,-1998038298.0000043,E1,A
2019-01-16,-1998038663.0000043,E1,A
2019-01-17,-1956787273.5700042,E1,A
2019-01-18,-1956344115.3800044,E1,A
2019-01-20,-1959945396.2900047,E1,A
2019-01-21,-1944826684.7000048,E1,A
2019-01-22,-1940156540.370005,E1,A
2019-01-23,-1933461825.3100045,E1,A
2019-01-24,-1933035193.940004,E1,A
2019-01-25,-2033297604.950004,E1,A
2019-01-26,-2033297690.950004,E1,A
2019-01-27,-1999230297.2900038,E1,A
2019-01-28,-1997674799.630004,E1,A
2019-01-29,-1997675325.630004,E1,A
2019-01-30,-1997675708.630004,E1,A
2019-01-31,-1997676347.630004,E1,A
2019-02-01,-1997677683.130004,E1,A
2019-02-02,-1997679507.130004,E1,A
2019-02-03,-1997679707.2200038,E1,A
2019-02-06,-1997679907.2200038,E1,A
2019-02-08,-1997682787.9400039,E1,A
2019-02-09,-1997683899.9400039,E1,A
2019-02-10,-1997685643.9400039,E1,A
2019-02-11,-1997685858.9400039,E1,A
2019-02-12,-1997686209.660004,E1,A
2019-02-13,-1997686407.660004,E1,A
2019-02-14,-1997686607.660004,E1,A
2019-02-15,-1997689021.660004,E1,A
2019-02-16,-1997689610.660004,E1,A
2019-02-17,-1997690311.660004,E1,A
2019-02-19,-1997695279.660004,E1,A
2019-02-20,-1997697155.340004,E1,A
2019-02-21,-1997705239.840004,E1,A
2019-02-22,-1987706399.3500044,E1,A
2019-02-23,-1987707372.7000043,E1,A
2019-02-25,-1965025638.4300041,E1,A
2019-02-26,-1965358972.990004,E1,A
2019-02-27,-2036624643.5800042,E1,A
2019-02-28,-2059687634.2300043,E1,A
2019-03-02,-2059688428.2300043,E1,A
2019-03-03,-2059689868.2300043,E1,A
2019-03-04,-2059692066.2300043,E1,A
2019-03-05,-2059692501.2300043,E1,A
2019-03-06,-2059696436.2300043,E1,A
2019-03-07,-2059696871.2300043,E1,A
2019-03-08,-2059698158.2300043,E1,A
2019-03-09,-2059700982.2300043,E1,A
2019-03-10,-2059702155.3800044,E1,A
2019-03-12,-2059703225.3800044,E1,A
2019-03-13,-2059679675.4500046,E1,A
2019-03-14,-2057218190.1300044,E1,A
2019-03-15,-2057218528.1300044,E1,A
2019-03-16,-2057218828.1300044,E1,A
2019-03-18,-2057219763.1300044,E1,A
2019-03-19,-2057221040.0700045,E1,A
2019-03-20,-2057221728.0700045,E1,A
2019-03-21,-2019561627.7700047,E1,A
2019-03-22,-1994780165.0200045,E1,A
2019-03-24,-1914687467.1600041,E1,A
2019-03-25,-1875806291.5600045,E1,A
2019-03-26,-1849087223.730005,E1,A
2019-03-27,-1991473268.1500044,E1,A
2019-03-28,-1963844270.3800042,E1,A
2019-03-29,-1885615933.0300043,E1,A
2019-03-30,-1955317283.5100043,E1,A
2019-03-31,-2134914541.1100042,E1,A
2019-04-01,-2134915223.1100042,E1,A
2019-04-02,-2134963616.8900042,E1,A
2019-04-03,-2134978196.8900042,E1,A
2019-04-05,-2134979182.8900042,E1,A
2019-04-07,-2134979632.690004,E1,A
2019-04-08,-2134980837.690004,E1,A
2019-04-09,-2134981241.690004,E1,A
2019-04-11,-2134982884.710004,E1,A
2019-04-12,-2134983654.710004,E1,A
2019-04-13,-2134983893.6600041,E1,A
2019-04-14,-2134984644.6600041,E1,A
2019-04-15,-2134985661.6600041,E1,A
2019-04-16,-2134986061.6600041,E1,A
2019-04-17,-2134987578.760004,E1,A
2019-04-18,-2134988353.460004,E1,A
2019-04-19,-2134992111.4000041,E1,A
2019-04-21,-2134992541.4000041,E1,A
2019-04-22,-2134992841.4000041,E1,A
2019-04-23,-2134944389.6000042,E1,A
2019-04-24,-2126653549.3200042,E1,A
2019-04-25,-2126661281.2200043,E1,A
2019-04-26,-2097434457.7300038,E1,A
2019-04-27,-2083621790.8400042,E1,A
2019-04-28,-2069457042.960004,E1,A
2019-04-29,-2160979267.7400036,E1,A
2019-04-30,-2186554108.3300047,E1,A
2019-05-01,-2186554413.3300047,E1,A
2019-05-03,-2186555579.3300047,E1,A
2019-05-05,-2186477948.8300056,E1,A
2019-05-06,-2186477991.8100057,E1,A
2019-05-07,-2186484971.8700056,E1,A
2019-05-08,-2186485459.5700054,E1,A
2019-05-09,-2186485799.5700054,E1,A
2019-05-10,-2186487686.5700054,E1,A
2019-05-11,-2186489564.0700054,E1,A
2019-05-12,-2186489846.0700054,E1,A
2019-05-13,-2186490621.0700054,E1,A
2019-05-14,-2186493776.0700054,E1,A
2019-05-15,-2186494186.0700054,E1,A
2019-05-16,-2186492386.0700054,E1,A
2019-05-18,-2186492586.0700054,E1,A
2019-05-19,-2186493458.0700054,E1,A
2019-05-20,-2186498430.0700054,E1,A
2019-05-21,-2186521245.2500052,E1,A
2019-05-22,-2186526713.520005,E1,A
2019-05-23,-2170573363.110006,E1,A
2019-05-24,-2132170075.4900062,E1,A
2019-05-25,-2132170285.4900062,E1,A
2019-05-26,-2132170773.4900062,E1,A
2019-05-27,-2128263739.690007,E1,A
2019-05-28,-2102269942.9300063,E1,A
2019-05-29,-2079214214.7100065,E1,A
2019-05-30,-2231536348.570007,E1,A
2019-05-31,-2239669626.9500065,E1,A
2019-06-01,-2239669851.9500065,E1,A
2019-06-02,-2239671036.9500065,E1,A
2019-06-03,-2239673082.9500065,E1,A
2019-06-04,-2239673282.9500065,E1,A
2019-06-05,-2239673852.9500065,E1,A
2019-06-06,-2239674087.9500065,E1,A
2019-06-07,-2239675861.9500065,E1,A
2019-06-09,-2239676085.4500065,E1,A
2019-06-10,-2239579217.350006,E1,A
2019-06-11,-2239579717.350006,E1,A
2019-06-13,-2239579917.350006,E1,A
2019-06-14,-2238490232.1300073,E1,A
2019-06-15,-2238490387.1300073,E1,A
2019-06-16,-2238491470.1300073,E1,A
2019-06-17,-2237840663.710007,E1,A
2019-06-18,-2237842668.710007,E1,A
2019-06-19,-2239030704.7900076,E1,A
2019-06-20,-2238981192.9300075,E1,A
2019-06-21,-2231800913.720008,E1,A
2019-06-22,-2231801935.720008,E1,A
2019-06-24,-2188143822.860009,E1,A
2019-06-25,-2136766041.2400105,E1,A
2019-06-26,-2115488528.7300105,E1,A
2019-06-27,-2130287278.590011,E1,A
2019-06-28,-2297537161.35001,E1,A
2019-06-30,-2297541461.35001,E1,A
2019-07-01,-2298410315.0300097,E1,A
2019-07-02,-2298356852.7400093,E1,A
2019-07-03,-2297635923.930009,E1,A
2019-07-04,-2297641922.930009,E1,A
2019-07-05,-2297642122.930009,E1,A
2019-07-06,-2297644006.930009,E1,A
2019-07-08,-2297647166.930009,E1,A
2019-07-09,-2297629755.0700088,E1,A
2019-07-10,-2295355583.020009,E1,A
2019-07-11,-2295281025.1000094,E1,A
2019-07-12,-2295281733.1000094,E1,A
2019-07-13,-2295282513.1000094,E1,A
2019-07-14,-2295282653.1000094,E1,A
2019-07-15,-2295283018.1000094,E1,A
2019-07-16,-2294366730.0000095,E1,A
2019-07-17,-2294735782.0000095,E1,A
2019-07-18,-2291975860.0900083,E1,A
2019-07-19,-2291977450.2400084,E1,A
2019-07-20,-2291978745.2400084,E1,A
2019-07-21,-2291985087.2400084,E1,A
2019-07-22,-2254096115.7500076,E1,A
2019-07-23,-2226765901.0400047,E1,A
2019-07-24,-2208407380.830005,E1,A
2019-07-25,-2192021144.6800065,E1,A
2019-07-26,-2186573128.260007,E1,A
2019-07-27,-2186574563.260007,E1,A
2019-07-28,-2186575154.860007,E1,A
2019-07-29,-2350122130.8900065,E1,A
2019-07-30,-2317741779.000006,E1,A
2019-07-31,-2316856645.020006,E1,A
2019-08-01,-2316857265.020006,E1,A
2019-08-02,-2316828024.040006,E1,A
2019-08-03,-2316828244.040006,E1,A
2019-08-04,-2316833963.040006,E1,A
2019-08-05,-2316834593.040006,E1,A
2019-08-06,-2317668774.040006,E1,A
2019-08-07,-2317670173.410006,E1,A
2019-08-08,-2318255093.760006,E1,A
2019-08-09,-2318259081.050006,E1,A
2019-08-10,-2318259778.950006,E1,A
2019-08-11,-2318260841.950006,E1,A
2019-08-12,-2318355637.530006,E1,A
2019-08-13,-2318356759.530006,E1,A
2019-08-14,-2318356882.530006,E1,A
2019-08-15,-2318371524.530006,E1,A
2019-08-16,-2318372061.530006,E1,A
2019-08-17,-2318372923.530006,E1,A
2019-08-19,-2318019669.310006,E1,A
2019-08-20,-2317982095.0200057,E1,A
2019-08-21,-2317642730.0200057,E1,A
2019-08-22,-2309564429.340006,E1,A
2019-08-23,-2299755858.450006,E1,A
2019-08-24,-2299756033.450006,E1,A
2019-08-25,-2299759958.450006,E1,A
2019-08-26,-2274787550.840007,E1,A
2019-08-27,-2271986869.700007,E1,A
2019-08-28,-2259965167.7200065,E1,A
2019-08-29,-2402678326.1400065,E1,A
2019-08-30,-2400426323.650007,E1,A
2019-09-01,-2400426723.650007,E1,A
2019-09-02,-2400427118.650007,E1,A
2019-09-03,-2401036253.650007,E1,A
2019-09-04,-2400160020.1900063,E1,A
2019-09-05,-2400172406.1900063,E1,A
2019-09-06,-2401489960.1800065,E1,A
2019-09-07,-2401490832.1800065,E1,A
2019-09-08,-2401491164.1800065,E1,A
2019-09-09,-2400957303.1500063,E1,A
2019-09-10,-2400695370.240006,E1,A
2019-09-11,-2405797676.240006,E1,A
2019-09-12,-2406085667.1100025,E1,A
2019-09-16,-2405877819.3400025,E1,A
2019-09-17,-2405865599.7300024,E1,A
2019-09-18,-2405811831.1900024,E1,A
2019-09-19,-2411213238.230003,E1,A
2019-09-20,-2411214231.230003,E1,A
2019-09-21,-2411214960.230003,E1,A
2019-09-22,-2411215910.170003,E1,A
2019-09-23,-2375149872.520002,E1,A
2019-09-24,-2356765543.330002,E1,A
2019-09-25,-2345895397.9100013,E1,A
2019-09-26,-2339240416.3300014,E1,A
2019-09-27,-2477993546.0700016,E1,A
2019-09-29,-2474353541.840002,E1,A
2019-09-30,-2462131347.1000023,E1,A
2019-10-01,-2462131902.1000023,E1,A
2019-10-02,-2462132090.1000023,E1,A
2019-10-04,-2462133741.1000023,E1,A
2019-10-05,-2462136910.1000023,E1,A
2019-10-06,-2462138709.160002,E1,A
2019-10-08,-2461899022.3900027,E1,A
2019-10-09,-2461900161.3300023,E1,A
2019-10-10,-2462053502.9900026,E1,A
2019-10-11,-2462012732.6800027,E1,A
2019-10-12,-2459421944.5200033,E1,A
2019-10-14,-2459422521.510003,E1,A
2019-10-15,-2460109700.510003,E1,A
2019-10-16,-2460088769.5400033,E1,A
2019-10-17,-2459670893.8900046,E1,A
2019-10-18,-2459671293.8900046,E1,A
2019-10-19,-2459672223.900005,E1,A
2019-10-21,-2459672762.900005,E1,A
2019-10-22,-2419584443.4500036,E1,A
2019-10-23,-2390740773.6100044,E1,A
2019-10-24,-2378779987.6300054,E1,A
2019-10-25,-2371792861.0500064,E1,A
2019-10-27,-2371793953.0500064,E1,A
2019-10-28,-2359511291.220008,E1,A
2019-10-29,-2570860973.620007,E1,A
2019-10-30,-2540626957.590007,E1,A
2019-10-31,-2540657903.7200065,E1,A
2019-11-01,-2540658163.7200065,E1,A
2019-11-02,-2540658588.7200065,E1,A
2019-11-03,-2540659018.7200065,E1,A
2019-11-04,-2539084818.7000055,E1,A
2019-11-05,-2540026968.130006,E1,A
2019-11-06,-2540027228.130006,E1,A
2019-11-07,-2540049882.910006,E1,A
2019-11-08,-2540051017.4400063,E1,A
2019-11-10,-2540053077.4400063,E1,A
2019-11-11,-2540053587.4400063,E1,A
2019-11-12,-2540054544.4400063,E1,A
2019-11-13,-2540056044.4400063,E1,A
2019-11-14,-2540547121.4400063,E1,A
2019-11-15,-2538576749.520007,E1,A
2019-11-17,-2538577216.520007,E1,A
2019-11-18,-2538577713.120007,E1,A
2019-11-19,-2539157943.120007,E1,A
2019-11-20,-2539158406.120007,E1,A
2019-11-21,-2539158861.120007,E1,A
2019-11-22,-2525178654.0800066,E1,A
2019-11-23,-2525179076.4900064,E1,A
2019-11-24,-2525224858.4900064,E1,A
2019-11-25,-2492361720.950008,E1,A
2019-11-26,-2478491723.060007,E1,A
2019-11-27,-2465883438.5300045,E1,A
2019-11-28,-2646528952.9300036,E1,A
2019-11-29,-2645751341.280004,E1,A
2019-11-30,-2645761865.280004,E1,A
2019-12-01,-2645762555.320004,E1,A
2019-12-02,-2645692333.5200043,E1,A
2019-12-03,-2645569680.070004,E1,A
2019-12-04,-2645726504.070004,E1,A
2019-12-05,-2646375345.800004,E1,A
2019-12-06,-2647048607.0000043,E1,A
2019-12-07,-2645713607.0500045,E1,A
2019-12-08,-2645714801.0500045,E1,A
2019-12-09,-2645682499.060004,E1,A
2019-12-10,-2646699801.3300047,E1,A
2019-12-11,-2645351557.0800047,E1,A
2019-12-12,-2646644629.040004,E1,A
2019-12-13,-2649774823.900007,E1,A
2019-12-14,-2649775699.900007,E1,A
2019-12-15,-2651758563.9700065,E1,A
2019-12-16,-2650663001.7500067,E1,A
2019-12-17,-2646206192.8400073,E1,A
2019-12-18,-2646613739.8500066,E1,A
2019-12-19,-2646754808.6700068,E1,A
2019-12-20,-2646750375.280007,E1,A
2019-12-22,-2646751060.280007,E1,A
2019-12-23,-2607393499.7900057,E1,A
2019-12-24,-2586582532.4200063,E1,A
2019-12-25,-2572360883.210007,E1,A
2019-12-26,-2562870712.3100085,E1,A
2019-12-27,-2772872483.2600093,E1,A
2019-12-30,-2770321551.710009,E1,A
2019-12-31,-2725960507.670009,E1,A
2020-01-03,-2725963125.670009,E1,A
2020-01-04,-2725972445.670009,E1,A
2020-01-05,-2725983317.370009,E1,A
2020-01-08,-2726050597.370009,E1,A
2020-01-09,-2723003354.8000093,E1,A
2020-01-10,-2699964494.270009,E1,A
2020-01-13,-2681940215.6400084,E1,A
2020-01-14,-2656923486.90001,E1,A
2020-01-15,-2653746771.86001,E1,A
2020-01-16,-2651484559.1200113,E1,A
2020-01-17,-2739829948.6900115,E1,A
2020-01-20,-2739830889.6900115,E1,A
2020-01-21,-2739689920.3100114,E1,A
2020-01-22,-2739691259.3100114,E1,A
2020-01-23,-2739692299.3100114,E1,A
2020-01-27,-2739695367.3100114,E1,A
2020-01-31,-2739699499.3100114,E1,A
2020-02-02,-2739699879.3100114,E1,A
2020-02-14,-2739700200.3100114,E1,A
2017-01-03,284817.92,E2,A
2017-01-04,1701041.6600000004,E2,A
2017-01-05,2693473.7200000016,E2,A
2017-01-06,2706963.350000002,E2,A
2017-01-07,2704029.350000002,E2,A
2017-01-09,3545928.7700000023,E2,A
2017-01-10,3558094.8200000026,E2,A
2017-01-11,5374966.150000004,E2,A
2017-01-12,7743371.680000008,E2,A
2017-01-13,8098697.900000009,E2,A
2017-01-16,9545993.100000001,E2,A
2017-01-17,10733450.609999992,E2,A
2017-01-18,11561973.219999988,E2,A
2017-01-19,12181014.709999982,E2,A
2017-01-20,13366475.329999978,E2,A
2017-01-21,13448271.549999977,E2,A
2017-01-22,14151969.649999972,E2,A
2017-01-23,14158251.029999973,E2,A
2017-01-31,14157723.869999973,E2,A
2017-02-03,14153855.869999973,E2,A
2017-02-06,14153255.869999973,E2,A
2017-02-08,14126431.869999973,E2,A
2017-02-12,14117724.319999972,E2,A
2017-02-13,14789219.589999966,E2,A
2017-02-14,14821365.789999966,E2,A
2017-02-15,15217056.349999964,E2,A
2017-02-16,15232858.399999965,E2,A
2017-02-17,15204648.399999965,E2,A
2017-02-20,15356553.629999965,E2,A
2017-02-21,15401981.339999964,E2,A
2017-02-22,15643319.169999965,E2,A
2017-02-23,15687833.329999965,E2,A
2017-02-24,15718531.439999964,E2,A
2017-02-27,15836444.049999965,E2,A
2017-02-28,15835833.799999965,E2,A
2017-03-01,15183454.069999952,E2,A
2017-03-02,16050809.709999943,E2,A
2017-03-03,16579969.599999938,E2,A
2017-03-06,17294595.99999994,E2,A
2017-03-07,16381393.169999938,E2,A
2017-03-09,16262061.329999935,E2,A
2017-03-10,16786619.80999993,E2,A
2017-03-13,16764125.469999932,E2,A
2017-03-14,16880311.179999933,E2,A
2017-03-15,17621614.939999934,E2,A
2017-03-16,17422407.829999942,E2,A
2017-03-17,17420358.819999944,E2,A
2017-03-20,17452693.719999947,E2,A
2017-03-21,17503454.54999995,E2,A
2017-03-22,17728068.039999947,E2,A
2017-03-23,17573512.059999947,E2,A
2017-03-24,17581811.009999946,E2,A
2017-03-26,17575271.009999946,E2,A
2017-03-27,17406924.009999946,E2,A
2017-03-28,18371112.65999996,E2,A
2017-03-29,19203706.95999998,E2,A
2017-03-30,19219824.87999998,E2,A
2017-03-31,19561106.979999978,E2,A
2017-04-05,19606463.769999977,E2,A
2017-04-06,19941745.57999998,E2,A
2017-04-07,19948448.87999998,E2,A
2017-04-10,20317327.739999983,E2,A
2017-04-11,20332972.189999983,E2,A
2017-04-12,20598949.549999986,E2,A
2017-04-13,20466064.789999984,E2,A
2017-04-14,20518711.009999987,E2,A
2017-04-17,20523343.079999987,E2,A
2017-04-18,20602765.629999984,E2,A
2017-04-19,20508596.74999998,E2,A
2017-04-20,21490831.54999999,E2,A
2017-04-21,21994054.179999992,E2,A
2017-04-22,21938109.709999993,E2,A
2017-04-24,21936766.499999996,E2,A
2017-04-25,21992959.409999993,E2,A
2017-04-26,22063127.75999999,E2,A
2017-04-27,21963844.73999999,E2,A
2017-04-28,21993336.249999993,E2,A
2017-05-02,21919453.419999994,E2,A
2017-05-03,22166867.569999997,E2,A
2017-05-04,22211786.439999994,E2,A
2017-05-05,22486701.529999994,E2,A
2017-05-08,22999574.169999994,E2,A
2017-05-09,22709779.979999993,E2,A
2017-05-10,21703265.979999993,E2,A
2017-05-11,21555404.509999994,E2,A
2017-05-12,21665848.84,E2,A
2017-05-15,22983493.150000013,E2,A
2017-05-16,23048766.74000001,E2,A
2017-05-17,23209379.95000001,E2,A
2017-05-18,22963592.210000012,E2,A
2017-05-19,22926218.91000001,E2,A
2017-05-22,23073388.730000008,E2,A
2017-05-23,23227585.600000013,E2,A
2017-05-24,23569750.490000013,E2,A
2017-05-25,23192647.140000015,E2,A
2017-05-26,25287777.590000037,E2,A
2017-05-27,25289475.700000037,E2,A
2017-05-31,25345683.28000004,E2,A
2017-06-01,25591207.710000042,E2,A
2017-06-02,25593139.89000004,E2,A
2017-06-05,25620038.75000004,E2,A
2017-06-06,26533870.05000005,E2,A
2017-06-07,27100893.620000057,E2,A
2017-06-08,27585857.550000057,E2,A
2017-06-09,28369724.890000064,E2,A
2017-06-10,28368625.890000064,E2,A
2017-06-11,28364346.890000064,E2,A
2017-06-12,30417526.60000008,E2,A
2017-06-13,30693865.250000075,E2,A
2017-06-14,30794770.34000007,E2,A
2017-06-15,31410978.040000077,E2,A
2017-06-16,31924816.48000008,E2,A
2017-06-17,31916876.48000008,E2,A
2017-06-18,31914268.48000008,E2,A
2017-06-19,32517069.86000008,E2,A
2017-06-20,32759807.290000085,E2,A
2017-06-21,32811545.140000086,E2,A
2017-06-22,34422461.680000074,E2,A
2017-06-23,34411859.350000076,E2,A
2017-06-24,34403159.350000076,E2,A
2017-06-25,34402895.350000076,E2,A
2017-06-26,35090584.55000006,E2,A
2017-06-27,48859282.56999967,E2,A
2017-06-28,48768696.37999967,E2,A
2017-06-29,49049840.83999967,E2,A
2017-06-30,50315770.07999963,E2,A
2017-07-01,50313263.07999963,E2,A
2017-07-02,50310395.07999963,E2,A
2017-07-03,50518853.119999625,E2,A
2017-07-04,50596550.579999626,E2,A
2017-07-05,50742836.66999963,E2,A
2017-07-06,51117411.63999963,E2,A
2017-07-07,50817957.16999963,E2,A
2017-07-08,50790081.16999963,E2,A
2017-07-09,50796015.18999963,E2,A
2017-07-10,51193668.80999962,E2,A
2017-07-11,52350013.10999959,E2,A
2017-07-12,53443475.20999956,E2,A
2017-07-13,52979822.689999565,E2,A
2017-07-14,52979357.579999566,E2,A
2017-07-15,52978558.579999566,E2,A
2017-07-16,52978233.579999566,E2,A
2017-07-17,52906056.87999956,E2,A
2017-07-18,52824228.20999956,E2,A
2017-07-19,53252991.72999955,E2,A
2017-07-20,54521822.10999951,E2,A
2017-07-21,54710302.1299995,E2,A
2017-07-22,54709232.1299995,E2,A
2017-07-23,54696220.0799995,E2,A
2017-07-24,54917712.3699995,E2,A
2017-07-25,54142648.669999495,E2,A
2017-07-26,53857387.959999494,E2,A
2017-07-27,53871579.89999949,E2,A
2017-07-28,55060576.62999946,E2,A
2017-07-29,55057946.12999946,E2,A
2017-07-30,55049793.12999946,E2,A
2017-07-31,54922222.34999945,E2,A
2017-08-01,54905849.899999455,E2,A
2017-08-02,55387402.21999945,E2,A
2017-08-03,55381313.48999945,E2,A
2017-08-04,55335050.17999945,E2,A
2017-08-05,55334696.17999945,E2,A
2017-08-06,55331767.17999945,E2,A
2017-08-07,56359404.71999943,E2,A
2017-08-08,57023539.16999941,E2,A
2017-08-09,57182076.35999941,E2,A
2017-08-10,57249106.209999405,E2,A
2017-08-11,56930698.3999994,E2,A
2017-08-12,56921569.3999994,E2,A
2017-08-13,56917878.3999994,E2,A
2017-08-14,57718971.95999939,E2,A
2017-08-15,57746014.49999938,E2,A
2017-08-16,57859872.42999938,E2,A
2017-08-17,57943728.429999374,E2,A
2017-08-18,57944403.12999937,E2,A
2017-08-19,57663533.12999937,E2,A
2017-08-20,57610456.67999937,E2,A
2017-08-21,57610532.49999935,E2,A
2017-08-22,57775693.57999935,E2,A
2017-08-23,58052251.75999935,E2,A
2017-08-24,59476549.19999932,E2,A
2017-08-25,59362219.18999932,E2,A
2017-08-26,59346673.18999932,E2,A
2017-08-27,59345303.66999932,E2,A
2017-08-28,59695205.12999931,E2,A
2017-08-29,60490074.37999932,E2,A
2017-08-30,60544010.01999932,E2,A
2017-08-31,61195060.10999931,E2,A
2017-09-01,61354658.7399993,E2,A
2017-09-02,61348611.7399993,E2,A
2017-09-03,61344072.7399993,E2,A
2017-09-04,64002245.08999923,E2,A
2017-09-05,64302774.64999922,E2,A
2017-09-06,66872493.96999916,E2,A
2017-09-07,66815830.96999916,E2,A
2017-09-08,67433877.22999917,E2,A
2017-09-09,67398177.22999917,E2,A
2017-09-10,67393943.22999917,E2,A
2017-09-11,68343693.46999921,E2,A
2017-09-12,68470026.01999919,E2,A
2017-09-13,68492846.1099992,E2,A
2017-09-14,68543282.29999919,E2,A
2017-09-15,70535740.7199993,E2,A
2017-09-16,70533354.7199993,E2,A
2017-09-17,70530058.7199993,E2,A
2017-09-18,71485134.34999935,E2,A
2017-09-19,71283476.67999937,E2,A
2017-09-20,71427845.10999934,E2,A
2017-09-21,71534157.71999934,E2,A
2017-09-22,71655262.64999932,E2,A
2017-09-23,71605078.32999933,E2,A
2017-09-24,71601249.32999933,E2,A
2017-09-25,72502278.29999936,E2,A
2017-09-26,72201282.0699994,E2,A
2017-09-27,72092947.8999994,E2,A
2017-09-28,72134541.2999994,E2,A
2017-09-29,73547328.45999947,E2,A
2017-09-30,73703096.72999947,E2,A
2017-10-01,73698659.72999947,E2,A
2017-10-02,73695520.72999947,E2,A
2017-10-03,73689588.72999947,E2,A
2017-10-04,73687276.55999947,E2,A
2017-10-05,73681981.55999947,E2,A
2017-10-06,73676186.55999947,E2,A
2017-10-07,73659257.55999947,E2,A
2017-10-08,73656383.55999947,E2,A
2017-10-09,73939651.78999949,E2,A
2017-10-10,73663541.89999948,E2,A
2017-10-11,74846553.60999955,E2,A
2017-10-12,76119452.95999962,E2,A
2017-10-13,76145780.5999996,E2,A
2017-10-14,76135922.5999996,E2,A
2017-10-15,76131161.5999996,E2,A
2017-10-16,76573882.63999964,E2,A
2017-10-17,76714725.51999967,E2,A
2017-10-18,77204670.2399997,E2,A
2017-10-19,79385518.2599998,E2,A
2017-10-20,79639904.6699998,E2,A
2017-10-21,79636457.6699998,E2,A
2017-10-22,79633915.6699998,E2,A
2017-10-23,82076253.01999992,E2,A
2017-10-24,82597508.20999993,E2,A
2017-10-25,83649685.57999998,E2,A
2017-10-26,83761496.51999998,E2,A
2017-10-27,85360234.51000005,E2,A
2017-10-28,85343607.51000005,E2,A
2017-10-29,85330347.61000004,E2,A
2017-10-30,85120172.30000004,E2,A
2017-10-31,85356920.17000005,E2,A
2017-11-01,85411484.20000005,E2,A
2017-11-02,84134051.00000004,E2,A
2017-11-03,83963866.40000007,E2,A
2017-11-04,83959443.40000007,E2,A
2017-11-05,83957054.40000007,E2,A
2017-11-06,85000575.95000012,E2,A
2017-11-07,86479378.7100002,E2,A
2017-11-08,87208266.66000023,E2,A
2017-11-09,88985947.64000033,E2,A
2017-11-10,88935539.09000033,E2,A
2017-11-11,88907410.09000033,E2,A
2017-11-12,88898654.44000033,E2,A
2017-11-13,90387981.69000043,E2,A
2017-11-14,88398081.07000034,E2,A
2017-11-15,88520801.27000034,E2,A
2017-11-16,89468008.61000039,E2,A
2017-11-17,90237249.26000045,E2,A
2017-11-18,90012821.76000045,E2,A
2017-11-19,90010075.57000045,E2,A
2017-11-20,90080600.72000048,E2,A
2017-11-21,89969639.30000047,E2,A
2017-11-22,92460243.04000062,E2,A
2017-11-23,92613933.68000062,E2,A
2017-11-24,92536765.87000062,E2,A
2017-11-25,92533806.87000062,E2,A
2017-11-26,92518967.43000062,E2,A
2017-11-27,92267894.78000064,E2,A
2017-11-28,94058918.06000072,E2,A
2017-11-29,94141086.35000078,E2,A
2017-11-30,94161338.6100008,E2,A
2017-12-01,94210745.3600008,E2,A
2017-12-02,94179317.76000081,E2,A
2017-12-03,94171867.16000082,E2,A
2017-12-04,99416756.53000107,E2,A
2017-12-05,100393938.63000113,E2,A
2017-12-06,100530650.08000115,E2,A
2017-12-07,100339722.43000117,E2,A
2017-12-08,100510996.18000118,E2,A
2017-12-09,100499875.18000118,E2,A
2017-12-10,100483926.18000118,E2,A
2017-12-11,99575242.03000121,E2,A
2017-12-12,100821361.35000126,E2,A
2017-12-13,100700945.48000126,E2,A
2017-12-14,100492685.72000125,E2,A
2017-12-15,102144154.2900013,E2,A
2017-12-16,102134771.2900013,E2,A
2017-12-17,102125257.2900013,E2,A
2017-12-18,102389492.33000135,E2,A
2017-12-19,101936834.90000138,E2,A
2017-12-20,101119521.83000138,E2,A
2017-12-21,101001687.0500014,E2,A
2017-12-22,100972896.0800014,E2,A
2017-12-23,100968941.0800014,E2,A
2017-12-24,100932266.99000141,E2,A
2017-12-25,100672702.59000142,E2,A
2017-12-26,101074870.69000143,E2,A
2017-12-27,101847065.49000144,E2,A
2017-12-28,102228141.47000146,E2,A
2017-12-29,102264459.90000147,E2,A
2017-12-30,102260411.90000147,E2,A
2017-12-31,102090228.67000146,E2,A
2018-01-01,102077029.67000146,E2,A
2018-01-02,102485279.22000149,E2,A
2018-01-03,101594456.2600015,E2,A
2018-01-04,100928611.8800015,E2,A
2018-01-05,101720802.25000153,E2,A
2018-01-06,101714381.25000153,E2,A
2018-01-07,101696390.26000154,E2,A
2018-01-08,102165895.90000157,E2,A
2018-01-09,102301201.06000157,E2,A
2018-01-10,102167654.96000156,E2,A
2018-01-11,102147947.00000155,E2,A
2018-01-12,102065590.67000154,E2,A
2018-01-13,102014815.67000154,E2,A
2018-01-14,101965499.47000153,E2,A
2018-01-15,104506262.99000168,E2,A
2018-01-16,104448286.65000169,E2,A
2018-01-17,105304965.49000171,E2,A
2018-01-18,106679246.8000018,E2,A
2018-01-19,106030503.9800018,E2,A
2018-01-20,106025351.4800018,E2,A
2018-01-21,106017828.9400018,E2,A
2018-01-22,109110995.92000192,E2,A
2018-01-23,109559962.65000194,E2,A
2018-01-24,109927766.44000198,E2,A
2018-01-25,113251662.86000212,E2,A
2018-01-26,116827988.60000227,E2,A
2018-01-27,116807951.60000227,E2,A
2018-01-28,116066089.81000227,E2,A
2018-01-29,116742982.3600023,E2,A
2018-01-30,118106084.08000235,E2,A
2018-01-31,118354115.1400024,E2,A
2018-02-01,119799331.96000247,E2,A
2018-02-02,120495462.41000247,E2,A
2018-02-03,120332301.41000247,E2,A
2018-02-04,120294782.79000247,E2,A
2018-02-05,122101745.40000254,E2,A
2018-02-06,120855228.40000254,E2,A
2018-02-07,122399018.69000259,E2,A
2018-02-08,122298586.8600026,E2,A
2018-02-09,122344584.23000263,E2,A
2018-02-10,123140321.73000266,E2,A
2018-02-11,123954576.27000268,E2,A
2018-02-12,124093655.63000268,E2,A
2018-02-13,124073368.02000268,E2,A
2018-02-14,124644677.0100027,E2,A
2018-02-15,124644507.0100027,E2,A
2018-02-16,124643087.0100027,E2,A
2018-02-17,124632454.8900027,E2,A
2018-02-18,124630886.8900027,E2,A
2018-02-19,124626446.8900027,E2,A
2018-02-20,124622252.8900027,E2,A
2018-02-21,124608010.8900027,E2,A
2018-02-22,124598655.8900027,E2,A
2018-02-23,124591078.8900027,E2,A
2018-02-24,124569754.2800027,E2,A
2018-02-25,124558755.2800027,E2,A
2018-02-26,124479970.91000271,E2,A
2018-02-27,124461701.06000271,E2,A
2018-02-28,124578513.12000272,E2,A
2018-03-01,124545327.12000272,E2,A
2018-03-02,124527450.62000272,E2,A
2018-03-03,124614448.24000272,E2,A
2018-03-04,124737943.93000273,E2,A
2018-03-05,124514878.81000274,E2,A
2018-03-06,124759808.03000273,E2,A
2018-03-07,124705962.24000272,E2,A
2018-03-08,124567484.58000273,E2,A
2018-03-09,124955439.84000276,E2,A
2018-03-10,124890895.84000276,E2,A
2018-03-11,124864562.43000276,E2,A
2018-03-12,125665076.89000277,E2,A
2018-03-13,125835264.56000277,E2,A
2018-03-14,125865896.83000278,E2,A
2018-03-15,125819205.42000279,E2,A
2018-03-16,125927654.15000279,E2,A
2018-03-17,125914874.55000278,E2,A
2018-03-18,125905566.63000278,E2,A
2018-03-19,125857164.40000279,E2,A
2018-03-20,124557878.56000279,E2,A
2018-03-21,124418221.40000278,E2,A
2018-03-22,124245339.50000279,E2,A
2018-03-23,124192740.95000279,E2,A
2018-03-24,124156340.4100028,E2,A
2018-03-25,124144888.1600028,E2,A
2018-03-26,124191628.6400028,E2,A
2018-03-27,123949661.55000278,E2,A
2018-03-28,124419243.6200028,E2,A
2018-03-29,124467426.65000282,E2,A
2018-03-30,125986168.45000291,E2,A
2018-03-31,125960824.10000291,E2,A
2018-04-01,125954131.73000291,E2,A
2018-04-02,125960420.09000294,E2,A
2018-04-03,125931007.66000296,E2,A
2018-04-04,125915738.93000297,E2,A
2018-04-05,125908252.14000297,E2,A
2018-04-06,125878684.81000297,E2,A
2018-04-07,125870072.93000297,E2,A
